,index,UE2-CQI
0,10800,9.0
1,10801,15.0
2,10802,11.0
3,10803,8.0
4,10804,8.0
5,10805,11.0
6,10806,11.0
7,10807,11.0
8,10808,9.0
9,10809,10.0
10,10810,12.0
11,10811,13.0
12,10812,11.0
13,10813,15.0
14,10814,11.0
15,10815,13.0
16,10816,10.0
17,10817,13.0
18,10818,9.0
19,10819,11.0
20,10820,12.0
21,10821,12.0
22,10822,13.0
23,10823,15.0
24,10824,14.0
25,10825,15.0
26,10826,12.0
27,10827,14.0
28,10828,13.0
29,10829,15.0
30,10830,14.0
31,10831,11.0
32,10832,15.0
33,10833,12.0
34,10834,12.0
35,10835,12.0
36,10836,13.0
37,10837,15.0
38,10838,15.0
39,10839,15.0
40,10840,15.0
41,10841,15.0
42,10842,14.0
43,10843,14.0
44,10844,15.0
45,10845,14.0
46,10846,15.0
47,10847,15.0
48,10848,10.0
49,10849,15.0
50,10850,12.0
51,10851,15.0
52,10852,15.0
53,10853,15.0
54,10854,10.0
55,10855,11.0
56,10856,12.0
57,10857,15.0
58,10858,15.0
59,10859,15.0
60,10860,10.0
61,10861,15.0
62,10862,13.0
63,10863,15.0
64,10864,14.0
65,10865,12.0
66,10866,15.0
67,10867,9.0
68,10868,11.0
69,10869,12.0
70,10870,14.0
71,10871,10.0
72,10872,15.0
73,10873,15.0
74,10874,13.0
75,10875,14.0
76,10876,11.0
77,10877,13.0
78,10878,15.0
79,10879,7.0
80,10880,13.0
81,10881,10.0
82,10882,12.0
83,10883,15.0
84,10884,12.0
85,10885,10.0
86,10886,15.0
87,10887,13.0
88,10888,14.0
89,10889,7.0
90,10890,11.0
91,10891,13.0
92,10892,7.0
93,10893,10.0
94,10894,9.0
95,10895,7.0
96,10896,10.0
97,10897,6.0
98,10898,6.0
99,10899,6.0
100,10900,10.0
101,10901,10.0
102,10902,9.0
103,10903,13.0
104,10904,8.0
105,10905,13.0
106,10906,8.0
107,10907,14.0
108,10908,12.0
109,10909,11.0
110,10910,11.0
111,10911,12.0
112,10912,8.0
113,10913,11.0
114,10914,13.0
115,10915,9.0
116,10916,12.0
117,10917,11.0
118,10918,12.0
119,10919,15.0
120,10920,11.0
121,10921,15.0
122,10922,12.0
123,10923,6.0
124,10924,9.0
125,10925,15.0
126,10926,9.0
127,10927,11.0
128,10928,10.0
129,10929,7.0
130,10930,10.0
131,10931,13.0
132,10932,11.0
133,10933,9.0
134,10934,13.0
135,10935,7.0
136,10936,11.0
137,10937,9.0
138,10938,9.0
139,10939,8.0
140,10940,6.0
141,10941,9.0
142,10942,7.0
143,10943,7.0
144,10944,15.0
145,10945,11.0
146,10946,11.0
147,10947,6.0
148,10948,10.0
149,10949,12.0
150,10950,8.0
151,10951,7.0
152,10952,7.0
153,10953,13.0
154,10954,12.0
155,10955,11.0
156,10956,6.0
157,10957,11.0
158,10958,9.0
159,10959,15.0
160,10960,13.0
161,10961,6.0
162,10962,15.0
163,10963,10.0
164,10964,11.0
165,10965,4.0
166,10966,9.0
167,10967,4.0
168,10968,11.0
169,10969,10.0
170,10970,8.0
171,10971,11.0
172,10972,15.0
173,10973,11.0
174,10974,15.0
175,10975,14.0
176,10976,15.0
177,10977,11.0
178,10978,12.0
179,10979,9.0
180,10980,12.0
181,10981,5.0
182,10982,11.0
183,10983,9.0
184,10984,15.0
185,10985,14.0
186,10986,15.0
187,10987,13.0
188,10988,15.0
189,10989,15.0
190,10990,14.0
191,10991,13.0
192,10992,15.0
193,10993,14.0
194,10994,12.0
195,10995,15.0
196,10996,15.0
197,10997,15.0
198,10998,15.0
199,10999,15.0
200,11000,14.0
201,11001,15.0
202,11002,13.0
203,11003,14.0
204,11004,15.0
205,11005,15.0
206,11006,12.0
207,11007,14.0
208,11008,15.0
209,11009,14.0
210,11010,15.0
211,11011,15.0
212,11012,15.0
213,11013,15.0
214,11014,12.0
215,11015,10.0
216,11016,15.0
217,11017,12.0
218,11018,15.0
219,11019,14.0
220,11020,14.0
221,11021,14.0
222,11022,15.0
223,11023,15.0
224,11024,12.0
225,11025,15.0
226,11026,15.0
227,11027,15.0
228,11028,12.0
229,11029,7.0
230,11030,11.0
231,11031,10.0
232,11032,15.0
233,11033,15.0
234,11034,15.0
235,11035,15.0
236,11036,11.0
237,11037,15.0
238,11038,15.0
239,11039,15.0
240,11040,15.0
241,11041,12.0
242,11042,14.0
243,11043,13.0
244,11044,14.0
245,11045,12.0
246,11046,10.0
247,11047,14.0
248,11048,15.0
249,11049,15.0
250,11050,11.0
251,11051,10.0
252,11052,6.0
253,11053,7.0
254,11054,15.0
255,11055,10.0
256,11056,11.0
257,11057,9.0
258,11058,9.0
259,11059,7.0
260,11060,8.0
261,11061,9.0
262,11062,10.0
263,11063,11.0
264,11064,6.0
265,11065,13.0
266,11066,6.0
267,11067,12.0
268,11068,7.0
269,11069,7.0
270,11070,10.0
271,11071,15.0
272,11072,11.0
273,11073,14.0
274,11074,13.0
275,11075,6.0
276,11076,10.0
277,11077,7.0
278,11078,7.0
279,11079,13.0
280,11080,12.0
281,11081,15.0
282,11082,10.0
283,11083,15.0
284,11084,10.0
285,11085,12.0
286,11086,12.0
287,11087,6.0
288,11088,11.0
289,11089,10.0
290,11090,12.0
291,11091,9.0
292,11092,12.0
293,11093,14.0
294,11094,14.0
295,11095,11.0
296,11096,15.0
297,11097,8.0
298,11098,11.0
299,11099,11.0
300,11100,11.0
301,11101,10.0
302,11102,5.0
303,11103,12.0
304,11104,9.0
305,11105,6.0
306,11106,7.0
307,11107,8.0
308,11108,15.0
309,11109,15.0
310,11110,12.0
311,11111,8.0
312,11112,9.0
313,11113,8.0
314,11114,10.0
315,11115,7.0
316,11116,10.0
317,11117,10.0
318,11118,6.0
319,11119,15.0
320,11120,9.0
321,11121,15.0
322,11122,10.0
323,11123,6.0
324,11124,9.0
325,11125,13.0
326,11126,15.0
327,11127,12.0
328,11128,10.0
329,11129,11.0
330,11130,9.0
331,11131,14.0
332,11132,11.0
333,11133,13.0
334,11134,15.0
335,11135,11.0
336,11136,15.0
337,11137,14.0
338,11138,13.0
339,11139,12.0
340,11140,6.0
341,11141,11.0
342,11142,6.0
343,11143,5.0
344,11144,12.0
345,11145,11.0
346,11146,13.0
347,11147,13.0
348,11148,11.0
349,11149,15.0
350,11150,14.0
351,11151,15.0
352,11152,12.0
353,11153,15.0
354,11154,15.0
355,11155,15.0
356,11156,15.0
357,11157,11.0
358,11158,15.0
359,11159,15.0
360,11160,15.0
361,11161,13.0
362,11162,11.0
363,11163,15.0
364,11164,14.0
365,11165,12.0
366,11166,15.0
367,11167,13.0
368,11168,15.0
369,11169,15.0
370,11170,15.0
371,11171,11.0
372,11172,15.0
373,11173,14.0
374,11174,14.0
375,11175,15.0
376,11176,15.0
377,11177,14.0
378,11178,12.0
379,11179,11.0
380,11180,12.0
381,11181,13.0
382,11182,12.0
383,11183,14.0
384,11184,13.0
385,11185,15.0
386,11186,14.0
387,11187,14.0
388,11188,15.0
389,11189,13.0
390,11190,14.0
391,11191,13.0
392,11192,13.0
393,11193,11.0
394,11194,15.0
395,11195,13.0
396,11196,15.0
397,11197,11.0
398,11198,15.0
399,11199,13.0
400,11200,14.0
401,11201,15.0
402,11202,13.0
403,11203,6.0
404,11204,14.0
405,11205,10.0
406,11206,15.0
407,11207,13.0
408,11208,15.0
409,11209,12.0
410,11210,15.0
411,11211,14.0
412,11212,13.0
413,11213,10.0
414,11214,9.0
415,11215,11.0
416,11216,8.0
417,11217,10.0
418,11218,12.0
419,11219,7.0
420,11220,11.0
421,11221,15.0
422,11222,9.0
423,11223,12.0
424,11224,9.0
425,11225,11.0
426,11226,10.0
427,11227,14.0
428,11228,6.0
429,11229,13.0
430,11230,11.0
431,11231,10.0
432,11232,11.0
433,11233,7.0
434,11234,11.0
435,11235,11.0
436,11236,9.0
437,11237,8.0
438,11238,10.0
439,11239,9.0
440,11240,13.0
441,11241,12.0
442,11242,9.0
443,11243,15.0
444,11244,7.0
445,11245,14.0
446,11246,15.0
447,11247,5.0
448,11248,7.0
449,11249,6.0
450,11250,8.0
451,11251,6.0
452,11252,8.0
453,11253,11.0
454,11254,10.0
455,11255,5.0
456,11256,12.0
457,11257,12.0
458,11258,11.0
459,11259,6.0
460,11260,11.0
461,11261,14.0
462,11262,8.0
463,11263,8.0
464,11264,11.0
465,11265,7.0
466,11266,10.0
467,11267,8.0
468,11268,8.0
469,11269,12.0
470,11270,11.0
471,11271,12.0
472,11272,10.0
473,11273,7.0
474,11274,11.0
475,11275,11.0
476,11276,9.0
477,11277,14.0
478,11278,7.0
479,11279,9.0
480,11280,0.0
481,11281,14.0
482,11282,9.0
483,11283,12.0
484,11284,14.0
485,11285,8.0
486,11286,8.0
487,11287,10.0
488,11288,10.0
489,11289,11.0
490,11290,10.0
491,11291,13.0
492,11292,7.0
493,11293,10.0
494,11294,9.0
495,11295,12.0
496,11296,13.0
497,11297,14.0
498,11298,13.0
499,11299,13.0
500,11300,14.0
501,11301,10.0
502,11302,12.0
503,11303,11.0
504,11304,7.0
505,11305,8.0
506,11306,14.0
507,11307,10.0
508,11308,13.0
509,11309,15.0
510,11310,15.0
511,11311,13.0
512,11312,15.0
513,11313,15.0
514,11314,15.0
515,11315,15.0
516,11316,15.0
517,11317,14.0
518,11318,15.0
519,11319,10.0
520,11320,10.0
521,11321,14.0
522,11322,13.0
523,11323,15.0
524,11324,15.0
525,11325,15.0
526,11326,15.0
527,11327,15.0
528,11328,15.0
529,11329,15.0
530,11330,13.0
531,11331,15.0
532,11332,15.0
533,11333,15.0
534,11334,15.0
535,11335,15.0
536,11336,15.0
537,11337,15.0
538,11338,15.0
539,11339,15.0
540,11340,14.0
541,11341,14.0
542,11342,15.0
543,11343,15.0
544,11344,15.0
545,11345,14.0
546,11346,11.0
547,11347,15.0
548,11348,14.0
549,11349,11.0
550,11350,15.0
551,11351,12.0
552,11352,13.0
553,11353,12.0
554,11354,12.0
555,11355,9.0
556,11356,13.0
557,11357,11.0
558,11358,13.0
559,11359,12.0
560,11360,15.0
561,11361,15.0
562,11362,15.0
563,11363,12.0
564,11364,12.0
565,11365,9.0
566,11366,12.0
567,11367,8.0
568,11368,11.0
569,11369,15.0
570,11370,12.0
571,11371,10.0
572,11372,15.0
573,11373,12.0
574,11374,12.0
575,11375,9.0
576,11376,7.0
577,11377,7.0
578,11378,7.0
579,11379,12.0
580,11380,12.0
581,11381,13.0
582,11382,8.0
583,11383,10.0
584,11384,10.0
585,11385,7.0
586,11386,12.0
587,11387,5.0
588,11388,8.0
589,11389,4.0
590,11390,9.0
591,11391,7.0
592,11392,9.0
593,11393,9.0
594,11394,8.0
595,11395,7.0
596,11396,10.0
597,11397,10.0
598,11398,7.0
599,11399,12.0
600,11400,13.0
601,11401,9.0
602,11402,13.0
603,11403,15.0
604,11404,13.0
605,11405,14.0
606,11406,14.0
607,11407,12.0
608,11408,8.0
609,11409,10.0
610,11410,10.0
611,11411,6.0
612,11412,9.0
613,11413,13.0
614,11414,15.0
615,11415,5.0
616,11416,12.0
617,11417,9.0
618,11418,15.0
619,11419,9.0
620,11420,10.0
621,11421,8.0
622,11422,8.0
623,11423,11.0
624,11424,9.0
625,11425,11.0
626,11426,8.0
627,11427,11.0
628,11428,10.0
629,11429,10.0
630,11430,7.0
631,11431,8.0
632,11432,7.0
633,11433,11.0
634,11434,9.0
635,11435,10.0
636,11436,9.0
637,11437,11.0
638,11438,8.0
639,11439,11.0
640,11440,8.0
641,11441,10.0
642,11442,4.0
643,11443,13.0
644,11444,11.0
645,11445,11.0
646,11446,10.0
647,11447,10.0
648,11448,9.0
649,11449,8.0
650,11450,15.0
651,11451,11.0
652,11452,10.0
653,11453,15.0
654,11454,7.0
655,11455,9.0
656,11456,10.0
657,11457,12.0
658,11458,11.0
659,11459,7.0
660,11460,12.0
661,11461,13.0
662,11462,11.0
663,11463,5.0
664,11464,7.0
665,11465,9.0
666,11466,9.0
667,11467,8.0
668,11468,12.0
669,11469,15.0
670,11470,15.0
671,11471,15.0
672,11472,15.0
673,11473,11.0
674,11474,15.0
675,11475,15.0
676,11476,15.0
677,11477,15.0
678,11478,14.0
679,11479,15.0
680,11480,15.0
681,11481,15.0
682,11482,13.0
683,11483,15.0
684,11484,12.0
685,11485,9.0
686,11486,15.0
687,11487,15.0
688,11488,10.0
689,11489,15.0
690,11490,15.0
691,11491,13.0
692,11492,15.0
693,11493,15.0
694,11494,13.0
695,11495,13.0
696,11496,15.0
697,11497,14.0
698,11498,13.0
699,11499,15.0
700,11500,15.0
701,11501,12.0
702,11502,15.0
703,11503,14.0
704,11504,15.0
705,11505,13.0
706,11506,15.0
707,11507,14.0
708,11508,10.0
709,11509,12.0
710,11510,15.0
711,11511,15.0
712,11512,14.0
713,11513,14.0
714,11514,14.0
715,11515,7.0
716,11516,15.0
717,11517,10.0
718,11518,12.0
719,11519,15.0
720,11520,15.0
721,11521,15.0
722,11522,11.0
723,11523,15.0
724,11524,13.0
725,11525,15.0
726,11526,13.0
727,11527,10.0
728,11528,12.0
729,11529,11.0
730,11530,15.0
731,11531,12.0
732,11532,11.0
733,11533,12.0
734,11534,14.0
735,11535,13.0
736,11536,12.0
737,11537,10.0
738,11538,8.0
739,11539,13.0
740,11540,8.0
741,11541,11.0
742,11542,8.0
743,11543,11.0
744,11544,9.0
745,11545,6.0
746,11546,9.0
747,11547,6.0
748,11548,7.0
749,11549,6.0
750,11550,9.0
751,11551,9.0
752,11552,9.0
753,11553,9.0
754,11554,5.0
755,11555,12.0
756,11556,9.0
757,11557,9.0
758,11558,11.0
759,11559,9.0
760,11560,6.0
761,11561,5.0
762,11562,12.0
763,11563,11.0
764,11564,13.0
765,11565,12.0
766,11566,9.0
767,11567,15.0
768,11568,9.0
769,11569,13.0
770,11570,8.0
771,11571,10.0
772,11572,8.0
773,11573,9.0
774,11574,13.0
775,11575,10.0
776,11576,11.0
777,11577,9.0
778,11578,6.0
779,11579,8.0
780,11580,11.0
781,11581,8.0
782,11582,11.0
783,11583,7.0
784,11584,12.0
785,11585,12.0
786,11586,10.0
787,11587,8.0
788,11588,4.0
789,11589,11.0
790,11590,8.0
791,11591,10.0
792,11592,11.0
793,11593,15.0
794,11594,10.0
795,11595,9.0
796,11596,6.0
797,11597,13.0
798,11598,12.0
799,11599,5.0
800,11600,12.0
801,11601,11.0
802,11602,10.0
803,11603,11.0
804,11604,7.0
805,11605,15.0
806,11606,9.0
807,11607,13.0
808,11608,8.0
809,11609,7.0
810,11610,14.0
811,11611,7.0
812,11612,11.0
813,11613,9.0
814,11614,9.0
815,11615,9.0
816,11616,7.0
817,11617,13.0
818,11618,8.0
819,11619,10.0
820,11620,13.0
821,11621,10.0
822,11622,14.0
823,11623,15.0
824,11624,11.0
825,11625,10.0
826,11626,10.0
827,11627,9.0
828,11628,8.0
829,11629,14.0
830,11630,15.0
831,11631,10.0
832,11632,15.0
833,11633,15.0
834,11634,15.0
835,11635,15.0
836,11636,11.0
837,11637,15.0
838,11638,15.0
839,11639,15.0
840,11640,15.0
841,11641,15.0
842,11642,14.0
843,11643,12.0
844,11644,15.0
845,11645,15.0
846,11646,14.0
847,11647,15.0
848,11648,15.0
849,11649,12.0
850,11650,15.0
851,11651,15.0
852,11652,15.0
853,11653,15.0
854,11654,15.0
855,11655,15.0
856,11656,13.0
857,11657,12.0
858,11658,12.0
859,11659,13.0
860,11660,15.0
861,11661,14.0
862,11662,13.0
863,11663,15.0
864,11664,15.0
865,11665,15.0
866,11666,15.0
867,11667,14.0
868,11668,15.0
869,11669,14.0
870,11670,15.0
871,11671,11.0
872,11672,14.0
873,11673,14.0
874,11674,15.0
875,11675,14.0
876,11676,13.0
877,11677,8.0
878,11678,15.0
879,11679,11.0
880,11680,13.0
881,11681,15.0
882,11682,15.0
883,11683,13.0
884,11684,15.0
885,11685,9.0
886,11686,15.0
887,11687,10.0
888,11688,12.0
889,11689,10.0
890,11690,15.0
891,11691,15.0
892,11692,15.0
893,11693,15.0
894,11694,15.0
895,11695,14.0
896,11696,14.0
897,11697,11.0
898,11698,11.0
899,11699,6.0
900,11700,6.0
901,11701,7.0
902,11702,5.0
903,11703,12.0
904,11704,9.0
905,11705,4.0
906,11706,11.0
907,11707,11.0
908,11708,10.0
909,11709,8.0
910,11710,11.0
911,11711,10.0
912,11712,9.0
913,11713,4.0
914,11714,10.0
915,11715,11.0
916,11716,13.0
917,11717,13.0
918,11718,12.0
919,11719,10.0
920,11720,15.0
921,11721,14.0
922,11722,9.0
923,11723,11.0
924,11724,11.0
925,11725,9.0
926,11726,11.0
927,11727,14.0
928,11728,15.0
929,11729,12.0
930,11730,10.0
931,11731,15.0
932,11732,10.0
933,11733,8.0
934,11734,6.0
935,11735,8.0
936,11736,12.0
937,11737,14.0
938,11738,9.0
939,11739,9.0
940,11740,8.0
941,11741,7.0
942,11742,14.0
943,11743,9.0
944,11744,9.0
945,11745,7.0
946,11746,8.0
947,11747,6.0
948,11748,10.0
949,11749,14.0
950,11750,11.0
951,11751,5.0
952,11752,10.0
953,11753,8.0
954,11754,9.0
955,11755,8.0
956,11756,7.0
957,11757,11.0
958,11758,9.0
959,11759,13.0
960,11760,6.0
961,11761,12.0
962,11762,5.0
963,11763,6.0
964,11764,8.0
965,11765,7.0
966,11766,3.0
967,11767,14.0
968,11768,8.0
969,11769,13.0
970,11770,12.0
971,11771,10.0
972,11772,10.0
973,11773,13.0
974,11774,9.0
975,11775,8.0
976,11776,9.0
977,11777,13.0
978,11778,10.0
979,11779,8.0
980,11780,11.0
981,11781,9.0
982,11782,15.0
983,11783,14.0
984,11784,14.0
985,11785,12.0
986,11786,10.0
987,11787,11.0
988,11788,11.0
989,11789,14.0
990,11790,13.0
991,11791,10.0
992,11792,13.0
993,11793,10.0
994,11794,11.0
995,11795,13.0
996,11796,12.0
997,11797,12.0
998,11798,13.0
999,11799,11.0
1000,11800,13.0
1001,11801,15.0
1002,11802,15.0
1003,11803,15.0
1004,11804,14.0
1005,11805,15.0
1006,11806,15.0
1007,11807,14.0
1008,11808,13.0
1009,11809,15.0
1010,11810,15.0
1011,11811,15.0
1012,11812,13.0
1013,11813,15.0
1014,11814,15.0
1015,11815,13.0
1016,11816,15.0
1017,11817,15.0
1018,11818,15.0
1019,11819,14.0
1020,11820,12.0
1021,11821,12.0
1022,11822,15.0
1023,11823,13.0
1024,11824,14.0
1025,11825,15.0
1026,11826,12.0
1027,11827,15.0
1028,11828,15.0
1029,11829,12.0
1030,11830,15.0
1031,11831,13.0
1032,11832,15.0
1033,11833,12.0
1034,11834,14.0
1035,11835,10.0
1036,11836,15.0
1037,11837,14.0
1038,11838,15.0
1039,11839,10.0
1040,11840,10.0
1041,11841,6.0
1042,11842,14.0
1043,11843,12.0
1044,11844,15.0
1045,11845,15.0
1046,11846,12.0
1047,11847,15.0
1048,11848,15.0
1049,11849,15.0
1050,11850,14.0
1051,11851,10.0
1052,11852,12.0
1053,11853,13.0
1054,11854,11.0
1055,11855,15.0
1056,11856,12.0
1057,11857,13.0
1058,11858,14.0
1059,11859,13.0
1060,11860,12.0
1061,11861,14.0
1062,11862,11.0
1063,11863,10.0
1064,11864,7.0
1065,11865,10.0
1066,11866,9.0
1067,11867,11.0
1068,11868,8.0
1069,11869,7.0
1070,11870,14.0
1071,11871,11.0
1072,11872,7.0
1073,11873,7.0
1074,11874,11.0
1075,11875,11.0
1076,11876,10.0
1077,11877,13.0
1078,11878,8.0
1079,11879,12.0
1080,11880,9.0
1081,11881,11.0
1082,11882,11.0
1083,11883,7.0
1084,11884,9.0
1085,11885,7.0
1086,11886,8.0
1087,11887,12.0
1088,11888,10.0
1089,11889,13.0
1090,11890,15.0
1091,11891,15.0
1092,11892,7.0
1093,11893,14.0
1094,11894,7.0
1095,11895,7.0
1096,11896,9.0
1097,11897,10.0
1098,11898,10.0
1099,11899,9.0
1100,11900,5.0
1101,11901,13.0
1102,11902,12.0
1103,11903,11.0
1104,11904,15.0
1105,11905,13.0
1106,11906,12.0
1107,11907,5.0
1108,11908,12.0
1109,11909,10.0
1110,11910,9.0
1111,11911,8.0
1112,11912,9.0
1113,11913,6.0
1114,11914,12.0
1115,11915,6.0
1116,11916,7.0
1117,11917,11.0
1118,11918,7.0
1119,11919,11.0
1120,11920,10.0
1121,11921,11.0
1122,11922,15.0
1123,11923,10.0
1124,11924,12.0
1125,11925,7.0
1126,11926,9.0
1127,11927,7.0
1128,11928,6.0
1129,11929,15.0
1130,11930,10.0
1131,11931,13.0
1132,11932,13.0
1133,11933,8.0
1134,11934,10.0
1135,11935,11.0
1136,11936,8.0
1137,11937,11.0
1138,11938,14.0
1139,11939,10.0
1140,11940,7.0
1141,11941,13.0
1142,11942,15.0
1143,11943,10.0
1144,11944,15.0
1145,11945,12.0
1146,11946,14.0
1147,11947,15.0
1148,11948,15.0
1149,11949,10.0
1150,11950,8.0
1151,11951,12.0
1152,11952,7.0
1153,11953,7.0
1154,11954,12.0
1155,11955,12.0
1156,11956,15.0
1157,11957,14.0
1158,11958,15.0
1159,11959,14.0
1160,11960,15.0
1161,11961,11.0
1162,11962,15.0
1163,11963,15.0
1164,11964,15.0
1165,11965,15.0
1166,11966,15.0
1167,11967,12.0
1168,11968,15.0
1169,11969,14.0
1170,11970,13.0
1171,11971,15.0
1172,11972,13.0
1173,11973,15.0
1174,11974,15.0
1175,11975,15.0
1176,11976,15.0
1177,11977,15.0
1178,11978,15.0
1179,11979,15.0
1180,11980,15.0
1181,11981,10.0
1182,11982,15.0
1183,11983,14.0
1184,11984,15.0
1185,11985,15.0
1186,11986,15.0
1187,11987,14.0
1188,11988,15.0
1189,11989,11.0
1190,11990,15.0
1191,11991,15.0
1192,11992,11.0
1193,11993,15.0
1194,11994,13.0
1195,11995,12.0
1196,11996,15.0
1197,11997,15.0
1198,11998,15.0
1199,11999,14.0
1200,12000,12.0
1201,12001,8.0
1202,12002,8.0
1203,12003,14.0
1204,12004,10.0
1205,12005,14.0
1206,12006,12.0
1207,12007,8.0
1208,12008,15.0
1209,12009,14.0
1210,12010,9.0
1211,12011,12.0
1212,12012,10.0
1213,12013,11.0
1214,12014,15.0
1215,12015,11.0
1216,12016,11.0
1217,12017,11.0
1218,12018,12.0
1219,12019,12.0
1220,12020,15.0
1221,12021,13.0
1222,12022,11.0
1223,12023,8.0
1224,12024,13.0
1225,12025,9.0
1226,12026,5.0
1227,12027,12.0
1228,12028,10.0
1229,12029,7.0
1230,12030,8.0
1231,12031,5.0
1232,12032,7.0
1233,12033,10.0
1234,12034,9.0
1235,12035,7.0
1236,12036,5.0
1237,12037,9.0
1238,12038,8.0
1239,12039,10.0
1240,12040,7.0
1241,12041,14.0
1242,12042,12.0
1243,12043,9.0
1244,12044,7.0
1245,12045,10.0
1246,12046,9.0
1247,12047,7.0
1248,12048,8.0
1249,12049,14.0
1250,12050,13.0
1251,12051,14.0
1252,12052,9.0
1253,12053,11.0
1254,12054,10.0
1255,12055,15.0
1256,12056,13.0
1257,12057,7.0
1258,12058,12.0
1259,12059,7.0
1260,12060,12.0
1261,12061,11.0
1262,12062,14.0
1263,12063,11.0
1264,12064,9.0
1265,12065,7.0
1266,12066,10.0
1267,12067,11.0
1268,12068,14.0
1269,12069,6.0
1270,12070,9.0
1271,12071,12.0
1272,12072,14.0
1273,12073,12.0
1274,12074,9.0
1275,12075,9.0
1276,12076,12.0
1277,12077,10.0
1278,12078,11.0
1279,12079,8.0
1280,12080,4.0
1281,12081,9.0
1282,12082,7.0
1283,12083,9.0
1284,12084,5.0
1285,12085,11.0
1286,12086,12.0
1287,12087,9.0
1288,12088,9.0
1289,12089,12.0
1290,12090,1.0
1291,12091,14.0
1292,12092,5.0
1293,12093,11.0
1294,12094,11.0
1295,12095,8.0
1296,12096,11.0
1297,12097,11.0
1298,12098,11.0
1299,12099,10.0
1300,12100,11.0
1301,12101,8.0
1302,12102,10.0
1303,12103,7.0
1304,12104,9.0
1305,12105,12.0
1306,12106,14.0
1307,12107,14.0
1308,12108,15.0
1309,12109,15.0
1310,12110,15.0
1311,12111,11.0
1312,12112,10.0
1313,12113,10.0
1314,12114,7.0
1315,12115,13.0
1316,12116,11.0
1317,12117,12.0
1318,12118,14.0
1319,12119,15.0
1320,12120,13.0
1321,12121,15.0
1322,12122,11.0
1323,12123,15.0
1324,12124,14.0
1325,12125,15.0
1326,12126,14.0
1327,12127,11.0
1328,12128,11.0
1329,12129,15.0
1330,12130,15.0
1331,12131,15.0
1332,12132,13.0
1333,12133,15.0
1334,12134,15.0
1335,12135,15.0
1336,12136,15.0
1337,12137,15.0
1338,12138,15.0
1339,12139,14.0
1340,12140,8.0
1341,12141,15.0
1342,12142,14.0
1343,12143,13.0
1344,12144,15.0
1345,12145,14.0
1346,12146,14.0
1347,12147,13.0
1348,12148,15.0
1349,12149,11.0
1350,12150,13.0
1351,12151,13.0
1352,12152,13.0
1353,12153,15.0
1354,12154,15.0
1355,12155,14.0
1356,12156,15.0
1357,12157,15.0
1358,12158,8.0
1359,12159,14.0
1360,12160,13.0
1361,12161,15.0
1362,12162,15.0
1363,12163,6.0
1364,12164,11.0
1365,12165,10.0
1366,12166,13.0
1367,12167,15.0
1368,12168,15.0
1369,12169,13.0
1370,12170,13.0
1371,12171,13.0
1372,12172,14.0
1373,12173,12.0
1374,12174,9.0
1375,12175,13.0
1376,12176,12.0
1377,12177,10.0
1378,12178,14.0
1379,12179,15.0
1380,12180,10.0
1381,12181,13.0
1382,12182,15.0
1383,12183,12.0
1384,12184,9.0
1385,12185,13.0
1386,12186,14.0
1387,12187,10.0
1388,12188,6.0
1389,12189,13.0
1390,12190,14.0
1391,12191,9.0
1392,12192,9.0
1393,12193,11.0
1394,12194,6.0
1395,12195,8.0
1396,12196,6.0
1397,12197,8.0
1398,12198,14.0
1399,12199,10.0
1400,12200,7.0
1401,12201,9.0
1402,12202,11.0
1403,12203,13.0
1404,12204,8.0
1405,12205,11.0
1406,12206,9.0
1407,12207,7.0
1408,12208,8.0
1409,12209,6.0
1410,12210,11.0
1411,12211,9.0
1412,12212,12.0
1413,12213,14.0
1414,12214,9.0
1415,12215,11.0
1416,12216,8.0
1417,12217,8.0
1418,12218,6.0
1419,12219,12.0
1420,12220,7.0
1421,12221,10.0
1422,12222,11.0
1423,12223,14.0
1424,12224,9.0
1425,12225,14.0
1426,12226,6.0
1427,12227,6.0
1428,12228,10.0
1429,12229,11.0
1430,12230,13.0
1431,12231,10.0
1432,12232,7.0
1433,12233,10.0
1434,12234,9.0
1435,12235,7.0
1436,12236,8.0
1437,12237,4.0
1438,12238,12.0
1439,12239,7.0
1440,12240,8.0
1441,12241,10.0
1442,12242,9.0
1443,12243,11.0
1444,12244,7.0
1445,12245,12.0
1446,12246,9.0
1447,12247,9.0
1448,12248,8.0
1449,12249,11.0
1450,12250,8.0
1451,12251,12.0
1452,12252,7.0
1453,12253,12.0
1454,12254,8.0
1455,12255,15.0
1456,12256,6.0
1457,12257,12.0
1458,12258,9.0
1459,12259,14.0
1460,12260,11.0
1461,12261,8.0
1462,12262,9.0
1463,12263,11.0
1464,12264,7.0
1465,12265,13.0
1466,12266,4.0
1467,12267,13.0
1468,12268,15.0
1469,12269,9.0
1470,12270,13.0
1471,12271,15.0
1472,12272,13.0
1473,12273,10.0
1474,12274,11.0
1475,12275,8.0
1476,12276,11.0
1477,12277,13.0
1478,12278,15.0
1479,12279,15.0
1480,12280,14.0
1481,12281,13.0
1482,12282,15.0
1483,12283,15.0
1484,12284,15.0
1485,12285,15.0
1486,12286,15.0
1487,12287,15.0
1488,12288,15.0
1489,12289,15.0
1490,12290,14.0
1491,12291,10.0
1492,12292,15.0
1493,12293,15.0
1494,12294,10.0
1495,12295,14.0
1496,12296,15.0
1497,12297,15.0
1498,12298,15.0
1499,12299,13.0
1500,12300,15.0
1501,12301,11.0
1502,12302,15.0
1503,12303,13.0
1504,12304,14.0
1505,12305,14.0
1506,12306,15.0
1507,12307,15.0
1508,12308,14.0
1509,12309,14.0
1510,12310,13.0
1511,12311,11.0
1512,12312,15.0
1513,12313,15.0
1514,12314,15.0
1515,12315,11.0
1516,12316,10.0
1517,12317,13.0
1518,12318,10.0
1519,12319,15.0
1520,12320,15.0
1521,12321,15.0
1522,12322,11.0
1523,12323,12.0
1524,12324,13.0
1525,12325,10.0
1526,12326,10.0
1527,12327,7.0
1528,12328,11.0
1529,12329,10.0
1530,12330,15.0
1531,12331,13.0
1532,12332,10.0
1533,12333,12.0
1534,12334,11.0
1535,12335,15.0
1536,12336,12.0
1537,12337,13.0
1538,12338,11.0
1539,12339,14.0
1540,12340,11.0
1541,12341,15.0
1542,12342,5.0
1543,12343,12.0
1544,12344,15.0
1545,12345,12.0
1546,12346,9.0
1547,12347,10.0
1548,12348,8.0
1549,12349,11.0
1550,12350,8.0
1551,12351,14.0
1552,12352,12.0
1553,12353,12.0
1554,12354,8.0
1555,12355,11.0
1556,12356,5.0
1557,12357,7.0
1558,12358,10.0
1559,12359,10.0
1560,12360,10.0
1561,12361,12.0
1562,12362,9.0
1563,12363,7.0
1564,12364,11.0
1565,12365,13.0
1566,12366,11.0
1567,12367,8.0
1568,12368,12.0
1569,12369,11.0
1570,12370,7.0
1571,12371,8.0
1572,12372,7.0
1573,12373,10.0
1574,12374,10.0
1575,12375,11.0
1576,12376,12.0
1577,12377,12.0
1578,12378,6.0
1579,12379,15.0
1580,12380,14.0
1581,12381,9.0
1582,12382,11.0
1583,12383,8.0
1584,12384,6.0
1585,12385,10.0
1586,12386,10.0
1587,12387,8.0
1588,12388,7.0
1589,12389,7.0
1590,12390,15.0
1591,12391,10.0
1592,12392,8.0
1593,12393,13.0
1594,12394,12.0
1595,12395,10.0
1596,12396,9.0
1597,12397,7.0
1598,12398,8.0
1599,12399,9.0
1600,12400,10.0
1601,12401,9.0
1602,12402,10.0
1603,12403,5.0
1604,12404,11.0
1605,12405,7.0
1606,12406,9.0
1607,12407,3.0
1608,12408,8.0
1609,12409,11.0
1610,12410,7.0
1611,12411,10.0
1612,12412,13.0
1613,12413,9.0
1614,12414,9.0
1615,12415,12.0
1616,12416,13.0
1617,12417,12.0
1618,12418,7.0
1619,12419,8.0
1620,12420,5.0
1621,12421,12.0
1622,12422,8.0
1623,12423,12.0
1624,12424,12.0
1625,12425,10.0
1626,12426,12.0
1627,12427,7.0
1628,12428,10.0
1629,12429,8.0
1630,12430,13.0
1631,12431,12.0
1632,12432,13.0
1633,12433,15.0
1634,12434,14.0
1635,12435,12.0
1636,12436,9.0
1637,12437,7.0
1638,12438,10.0
1639,12439,8.0
1640,12440,10.0
1641,12441,11.0
1642,12442,15.0
1643,12443,15.0
1644,12444,15.0
1645,12445,14.0
1646,12446,15.0
1647,12447,15.0
1648,12448,15.0
1649,12449,13.0
1650,12450,15.0
1651,12451,12.0
1652,12452,13.0
1653,12453,15.0
1654,12454,14.0
1655,12455,15.0
1656,12456,15.0
1657,12457,14.0
1658,12458,10.0
1659,12459,11.0
1660,12460,12.0
1661,12461,15.0
1662,12462,13.0
1663,12463,11.0
1664,12464,15.0
1665,12465,15.0
1666,12466,15.0
1667,12467,13.0
1668,12468,14.0
1669,12469,15.0
1670,12470,15.0
1671,12471,15.0
1672,12472,13.0
1673,12473,15.0
1674,12474,12.0
1675,12475,12.0
1676,12476,15.0
1677,12477,15.0
1678,12478,12.0
1679,12479,14.0
1680,12480,13.0
1681,12481,15.0
1682,12482,15.0
1683,12483,11.0
1684,12484,15.0
1685,12485,12.0
1686,12486,14.0
1687,12487,9.0
1688,12488,11.0
1689,12489,10.0
1690,12490,14.0
1691,12491,15.0
1692,12492,11.0
1693,12493,15.0
1694,12494,12.0
1695,12495,12.0
1696,12496,15.0
1697,12497,10.0
1698,12498,11.0
1699,12499,10.0
1700,12500,10.0
1701,12501,15.0
1702,12502,15.0
1703,12503,14.0
1704,12504,10.0
1705,12505,15.0
1706,12506,14.0
1707,12507,13.0
1708,12508,8.0
1709,12509,12.0
1710,12510,10.0
1711,12511,9.0
1712,12512,10.0
1713,12513,13.0
1714,12514,11.0
1715,12515,6.0
1716,12516,9.0
1717,12517,9.0
1718,12518,8.0
1719,12519,9.0
1720,12520,9.0
1721,12521,9.0
1722,12522,10.0
1723,12523,13.0
1724,12524,9.0
1725,12525,12.0
1726,12526,10.0
1727,12527,7.0
1728,12528,9.0
1729,12529,8.0
1730,12530,9.0
1731,12531,3.0
1732,12532,15.0
1733,12533,12.0
1734,12534,7.0
1735,12535,11.0
1736,12536,12.0
1737,12537,15.0
1738,12538,12.0
1739,12539,13.0
1740,12540,8.0
1741,12541,15.0
1742,12542,8.0
1743,12543,7.0
1744,12544,9.0
1745,12545,7.0
1746,12546,9.0
1747,12547,10.0
1748,12548,8.0
1749,12549,9.0
1750,12550,11.0
1751,12551,8.0
1752,12552,12.0
1753,12553,4.0
1754,12554,10.0
1755,12555,6.0
1756,12556,11.0
1757,12557,10.0
1758,12558,8.0
1759,12559,8.0
1760,12560,9.0
1761,12561,12.0
1762,12562,12.0
1763,12563,10.0
1764,12564,10.0
1765,12565,9.0
1766,12566,10.0
1767,12567,10.0
1768,12568,8.0
1769,12569,11.0
1770,12570,13.0
1771,12571,8.0
1772,12572,12.0
1773,12573,11.0
1774,12574,13.0
1775,12575,6.0
1776,12576,2.0
1777,12577,12.0
1778,12578,14.0
1779,12579,11.0
1780,12580,8.0
1781,12581,10.0
1782,12582,7.0
1783,12583,11.0
1784,12584,9.0
1785,12585,10.0
1786,12586,14.0
1787,12587,10.0
1788,12588,9.0
1789,12589,14.0
1790,12590,14.0
1791,12591,6.0
1792,12592,14.0
1793,12593,12.0
1794,12594,15.0
1795,12595,12.0
1796,12596,10.0
1797,12597,9.0
1798,12598,14.0
1799,12599,8.0
1800,12600,6.0
1801,12601,7.0
1802,12602,14.0
1803,12603,13.0
1804,12604,15.0
1805,12605,11.0
1806,12606,15.0
1807,12607,14.0
1808,12608,13.0
1809,12609,12.0
1810,12610,13.0
1811,12611,13.0
1812,12612,12.0
1813,12613,15.0
1814,12614,10.0
1815,12615,15.0
1816,12616,15.0
1817,12617,14.0
1818,12618,13.0
1819,12619,12.0
1820,12620,13.0
1821,12621,15.0
1822,12622,13.0
1823,12623,15.0
1824,12624,14.0
1825,12625,15.0
1826,12626,15.0
1827,12627,15.0
1828,12628,15.0
1829,12629,15.0
1830,12630,15.0
1831,12631,15.0
1832,12632,12.0
1833,12633,15.0
1834,12634,15.0
1835,12635,15.0
1836,12636,14.0
1837,12637,15.0
1838,12638,15.0
1839,12639,15.0
1840,12640,11.0
1841,12641,11.0
1842,12642,14.0
1843,12643,15.0
1844,12644,12.0
1845,12645,14.0
1846,12646,10.0
1847,12647,14.0
1848,12648,13.0
1849,12649,7.0
1850,12650,11.0
1851,12651,13.0
1852,12652,14.0
1853,12653,13.0
1854,12654,15.0
1855,12655,13.0
1856,12656,15.0
1857,12657,15.0
1858,12658,12.0
1859,12659,15.0
1860,12660,13.0
1861,12661,8.0
1862,12662,13.0
1863,12663,13.0
1864,12664,9.0
1865,12665,11.0
1866,12666,14.0
1867,12667,15.0
1868,12668,15.0
1869,12669,13.0
1870,12670,12.0
1871,12671,13.0
1872,12672,11.0
1873,12673,7.0
1874,12674,11.0
1875,12675,12.0
1876,12676,11.0
1877,12677,8.0
1878,12678,12.0
1879,12679,8.0
1880,12680,11.0
1881,12681,11.0
1882,12682,11.0
1883,12683,11.0
1884,12684,12.0
1885,12685,9.0
1886,12686,9.0
1887,12687,7.0
1888,12688,8.0
1889,12689,8.0
1890,12690,7.0
1891,12691,9.0
1892,12692,5.0
1893,12693,9.0
1894,12694,8.0
1895,12695,9.0
1896,12696,10.0
1897,12697,6.0
1898,12698,14.0
1899,12699,15.0
1900,12700,14.0
1901,12701,14.0
1902,12702,9.0
1903,12703,12.0
1904,12704,9.0
1905,12705,10.0
1906,12706,6.0
1907,12707,6.0
1908,12708,6.0
1909,12709,8.0
1910,12710,11.0
1911,12711,11.0
1912,12712,10.0
1913,12713,10.0
1914,12714,11.0
1915,12715,7.0
1916,12716,13.0
1917,12717,8.0
1918,12718,13.0
1919,12719,10.0
1920,12720,8.0
1921,12721,11.0
1922,12722,10.0
1923,12723,8.0
1924,12724,11.0
1925,12725,10.0
1926,12726,8.0
1927,12727,10.0
1928,12728,5.0
1929,12729,8.0
1930,12730,11.0
1931,12731,10.0
1932,12732,8.0
1933,12733,8.0
1934,12734,9.0
1935,12735,10.0
1936,12736,8.0
1937,12737,9.0
1938,12738,6.0
1939,12739,11.0
1940,12740,9.0
1941,12741,14.0
1942,12742,8.0
1943,12743,12.0
1944,12744,10.0
1945,12745,6.0
1946,12746,8.0
1947,12747,12.0
1948,12748,12.0
1949,12749,10.0
1950,12750,10.0
1951,12751,8.0
1952,12752,10.0
1953,12753,7.0
1954,12754,14.0
1955,12755,13.0
1956,12756,15.0
1957,12757,15.0
1958,12758,14.0
1959,12759,13.0
1960,12760,12.0
1961,12761,9.0
1962,12762,11.0
1963,12763,11.0
1964,12764,15.0
1965,12765,15.0
1966,12766,15.0
1967,12767,14.0
1968,12768,13.0
1969,12769,13.0
1970,12770,15.0
1971,12771,15.0
1972,12772,12.0
1973,12773,15.0
1974,12774,15.0
1975,12775,15.0
1976,12776,15.0
1977,12777,15.0
1978,12778,15.0
1979,12779,14.0
1980,12780,15.0
1981,12781,15.0
1982,12782,11.0
1983,12783,15.0
1984,12784,15.0
1985,12785,12.0
1986,12786,15.0
1987,12787,15.0
1988,12788,14.0
1989,12789,15.0
1990,12790,15.0
1991,12791,15.0
1992,12792,15.0
1993,12793,12.0
1994,12794,15.0
1995,12795,15.0
1996,12796,15.0
1997,12797,14.0
1998,12798,14.0
1999,12799,11.0
2000,12800,13.0
2001,12801,12.0
2002,12802,15.0
2003,12803,15.0
2004,12804,15.0
2005,12805,13.0
2006,12806,15.0
2007,12807,14.0
2008,12808,11.0
2009,12809,15.0
2010,12810,13.0
2011,12811,8.0
2012,12812,10.0
2013,12813,9.0
2014,12814,14.0
2015,12815,15.0
2016,12816,15.0
2017,12817,14.0
2018,12818,13.0
2019,12819,12.0
2020,12820,13.0
2021,12821,15.0
2022,12822,14.0
2023,12823,11.0
2024,12824,15.0
2025,12825,9.0
2026,12826,15.0
2027,12827,14.0
2028,12828,12.0
2029,12829,12.0
2030,12830,10.0
2031,12831,11.0
2032,12832,8.0
2033,12833,10.0
2034,12834,13.0
2035,12835,8.0
2036,12836,12.0
2037,12837,15.0
2038,12838,8.0
2039,12839,11.0
2040,12840,10.0
2041,12841,9.0
2042,12842,12.0
2043,12843,6.0
2044,12844,9.0
2045,12845,11.0
2046,12846,13.0
2047,12847,14.0
2048,12848,7.0
2049,12849,9.0
2050,12850,5.0
2051,12851,8.0
2052,12852,10.0
2053,12853,11.0
2054,12854,11.0
2055,12855,12.0
2056,12856,8.0
2057,12857,8.0
2058,12858,11.0
2059,12859,11.0
2060,12860,12.0
2061,12861,12.0
2062,12862,15.0
2063,12863,10.0
2064,12864,12.0
2065,12865,11.0
2066,12866,10.0
2067,12867,8.0
2068,12868,6.0
2069,12869,9.0
2070,12870,8.0
2071,12871,8.0
2072,12872,7.0
2073,12873,11.0
2074,12874,8.0
2075,12875,9.0
2076,12876,10.0
2077,12877,8.0
2078,12878,11.0
2079,12879,7.0
2080,12880,13.0
2081,12881,9.0
2082,12882,7.0
2083,12883,10.0
2084,12884,9.0
2085,12885,6.0
2086,12886,12.0
2087,12887,11.0
2088,12888,14.0
2089,12889,6.0
2090,12890,8.0
2091,12891,15.0
2092,12892,8.0
2093,12893,6.0
2094,12894,11.0
2095,12895,12.0
2096,12896,9.0
2097,12897,9.0
2098,12898,8.0
2099,12899,10.0
2100,12900,6.0
2101,12901,13.0
2102,12902,6.0
2103,12903,13.0
2104,12904,9.0
2105,12905,3.0
2106,12906,10.0
2107,12907,11.0
2108,12908,10.0
2109,12909,11.0
2110,12910,11.0
2111,12911,12.0
2112,12912,11.0
2113,12913,6.0
2114,12914,9.0
2115,12915,9.0
2116,12916,14.0
2117,12917,13.0
2118,12918,15.0
2119,12919,10.0
2120,12920,14.0
2121,12921,10.0
2122,12922,15.0
2123,12923,10.0
2124,12924,10.0
2125,12925,9.0
2126,12926,15.0
2127,12927,15.0
2128,12928,15.0
2129,12929,14.0
2130,12930,15.0
2131,12931,12.0
2132,12932,11.0
2133,12933,15.0
2134,12934,14.0
2135,12935,15.0
2136,12936,15.0
2137,12937,15.0
2138,12938,15.0
2139,12939,15.0
2140,12940,14.0
2141,12941,15.0
2142,12942,15.0
2143,12943,13.0
2144,12944,14.0
2145,12945,15.0
2146,12946,12.0
2147,12947,13.0
2148,12948,15.0
2149,12949,10.0
2150,12950,14.0
2151,12951,15.0
2152,12952,15.0
2153,12953,15.0
2154,12954,15.0
2155,12955,15.0
2156,12956,15.0
2157,12957,15.0
2158,12958,13.0
2159,12959,15.0
2160,12960,15.0
2161,12961,9.0
2162,12962,15.0
2163,12963,13.0
2164,12964,15.0
2165,12965,15.0
2166,12966,15.0
2167,12967,11.0
2168,12968,15.0
2169,12969,15.0
2170,12970,14.0
2171,12971,14.0
2172,12972,11.0
2173,12973,8.0
2174,12974,12.0
2175,12975,10.0
2176,12976,13.0
2177,12977,13.0
2178,12978,13.0
2179,12979,14.0
2180,12980,10.0
2181,12981,14.0
2182,12982,11.0
2183,12983,15.0
2184,12984,15.0
2185,12985,10.0
2186,12986,12.0
2187,12987,10.0
2188,12988,11.0
2189,12989,11.0
2190,12990,11.0
2191,12991,12.0
2192,12992,15.0
2193,12993,13.0
2194,12994,8.0
2195,12995,14.0
2196,12996,6.0
2197,12997,10.0
2198,12998,7.0
2199,12999,15.0
2200,13000,9.0
2201,13001,8.0
2202,13002,7.0
2203,13003,8.0
2204,13004,10.0
2205,13005,8.0
2206,13006,7.0
2207,13007,12.0
2208,13008,10.0
2209,13009,13.0
2210,13010,9.0
2211,13011,6.0
2212,13012,12.0
2213,13013,9.0
2214,13014,12.0
2215,13015,7.0
2216,13016,13.0
2217,13017,8.0
2218,13018,13.0
2219,13019,9.0
2220,13020,10.0
2221,13021,13.0
2222,13022,11.0
2223,13023,14.0
2224,13024,15.0
2225,13025,15.0
2226,13026,8.0
2227,13027,14.0
2228,13028,9.0
2229,13029,12.0
2230,13030,5.0
2231,13031,12.0
2232,13032,13.0
2233,13033,10.0
2234,13034,11.0
2235,13035,10.0
2236,13036,8.0
2237,13037,14.0
2238,13038,9.0
2239,13039,10.0
2240,13040,12.0
2241,13041,13.0
2242,13042,11.0
2243,13043,11.0
2244,13044,11.0
2245,13045,7.0
2246,13046,11.0
2247,13047,11.0
2248,13048,9.0
2249,13049,7.0
2250,13050,8.0
2251,13051,8.0
2252,13052,8.0
2253,13053,10.0
2254,13054,10.0
2255,13055,8.0
2256,13056,8.0
2257,13057,8.0
2258,13058,8.0
2259,13059,10.0
2260,13060,9.0
2261,13061,4.0
2262,13062,5.0
2263,13063,13.0
2264,13064,8.0
2265,13065,14.0
2266,13066,8.0
2267,13067,12.0
2268,13068,9.0
2269,13069,10.0
2270,13070,13.0
2271,13071,15.0
2272,13072,10.0
2273,13073,6.0
2274,13074,13.0
2275,13075,8.0
2276,13076,13.0
2277,13077,7.0
2278,13078,12.0
2279,13079,11.0
2280,13080,12.0
2281,13081,14.0
2282,13082,12.0
2283,13083,9.0
2284,13084,13.0
2285,13085,11.0
2286,13086,9.0
2287,13087,7.0
2288,13088,13.0
2289,13089,15.0
2290,13090,13.0
2291,13091,15.0
2292,13092,12.0
2293,13093,15.0
2294,13094,15.0
2295,13095,14.0
2296,13096,15.0
2297,13097,15.0
2298,13098,10.0
2299,13099,15.0
2300,13100,15.0
2301,13101,15.0
2302,13102,15.0
2303,13103,15.0
2304,13104,15.0
2305,13105,14.0
2306,13106,15.0
2307,13107,15.0
2308,13108,15.0
2309,13109,15.0
2310,13110,13.0
2311,13111,15.0
2312,13112,15.0
2313,13113,15.0
2314,13114,14.0
2315,13115,13.0
2316,13116,12.0
2317,13117,14.0
2318,13118,15.0
2319,13119,12.0
2320,13120,11.0
2321,13121,15.0
2322,13122,13.0
2323,13123,12.0
2324,13124,15.0
2325,13125,15.0
2326,13126,14.0
2327,13127,15.0
2328,13128,10.0
2329,13129,15.0
2330,13130,15.0
2331,13131,15.0
2332,13132,15.0
2333,13133,15.0
2334,13134,15.0
2335,13135,9.0
2336,13136,11.0
2337,13137,8.0
2338,13138,10.0
2339,13139,14.0
2340,13140,11.0
2341,13141,15.0
2342,13142,14.0
2343,13143,14.0
2344,13144,14.0
2345,13145,15.0
2346,13146,11.0
2347,13147,15.0
2348,13148,13.0
2349,13149,9.0
2350,13150,15.0
2351,13151,15.0
2352,13152,13.0
2353,13153,12.0
2354,13154,13.0
2355,13155,11.0
2356,13156,12.0
2357,13157,9.0
2358,13158,10.0
2359,13159,8.0
2360,13160,9.0
2361,13161,9.0
2362,13162,13.0
2363,13163,3.0
2364,13164,5.0
2365,13165,8.0
2366,13166,8.0
2367,13167,8.0
2368,13168,10.0
2369,13169,5.0
2370,13170,12.0
2371,13171,11.0
2372,13172,8.0
2373,13173,14.0
2374,13174,10.0
2375,13175,8.0
2376,13176,11.0
2377,13177,12.0
2378,13178,9.0
2379,13179,7.0
2380,13180,6.0
2381,13181,12.0
2382,13182,11.0
2383,13183,8.0
2384,13184,14.0
2385,13185,12.0
2386,13186,9.0
2387,13187,9.0
2388,13188,10.0
2389,13189,15.0
2390,13190,13.0
2391,13191,13.0
2392,13192,9.0
2393,13193,10.0
2394,13194,5.0
2395,13195,13.0
2396,13196,11.0
2397,13197,11.0
2398,13198,9.0
2399,13199,9.0
2400,13200,13.0
2401,13201,7.0
2402,13202,11.0
2403,13203,9.0
2404,13204,7.0
2405,13205,11.0
2406,13206,9.0
2407,13207,11.0
2408,13208,9.0
2409,13209,12.0
2410,13210,11.0
2411,13211,9.0
2412,13212,11.0
2413,13213,10.0
2414,13214,8.0
2415,13215,14.0
2416,13216,8.0
2417,13217,8.0
2418,13218,11.0
2419,13219,6.0
2420,13220,9.0
2421,13221,10.0
2422,13222,12.0
2423,13223,7.0
2424,13224,5.0
2425,13225,15.0
2426,13226,8.0
2427,13227,13.0
2428,13228,9.0
2429,13229,9.0
2430,13230,5.0
2431,13231,10.0
2432,13232,12.0
2433,13233,10.0
2434,13234,7.0
2435,13235,8.0
2436,13236,11.0
2437,13237,13.0
2438,13238,8.0
2439,13239,5.0
2440,13240,11.0
2441,13241,14.0
2442,13242,14.0
2443,13243,15.0
2444,13244,12.0
2445,13245,13.0
2446,13246,6.0
2447,13247,6.0
2448,13248,8.0
2449,13249,9.0
2450,13250,13.0
2451,13251,15.0
2452,13252,11.0
2453,13253,14.0
2454,13254,15.0
2455,13255,14.0
2456,13256,14.0
2457,13257,15.0
2458,13258,15.0
2459,13259,15.0
2460,13260,13.0
2461,13261,15.0
2462,13262,15.0
2463,13263,15.0
2464,13264,15.0
2465,13265,15.0
2466,13266,15.0
2467,13267,14.0
2468,13268,15.0
2469,13269,15.0
2470,13270,14.0
2471,13271,15.0
2472,13272,15.0
2473,13273,15.0
2474,13274,15.0
2475,13275,14.0
2476,13276,12.0
2477,13277,10.0
2478,13278,15.0
2479,13279,14.0
2480,13280,14.0
2481,13281,10.0
2482,13282,15.0
2483,13283,15.0
2484,13284,14.0
2485,13285,14.0
2486,13286,9.0
2487,13287,15.0
2488,13288,15.0
2489,13289,14.0
2490,13290,15.0
2491,13291,11.0
2492,13292,12.0
2493,13293,13.0
2494,13294,14.0
2495,13295,15.0
2496,13296,14.0
2497,13297,8.0
2498,13298,11.0
2499,13299,9.0
2500,13300,15.0
2501,13301,11.0
2502,13302,14.0
2503,13303,15.0
2504,13304,15.0
2505,13305,15.0
2506,13306,12.0
2507,13307,12.0
2508,13308,10.0
2509,13309,14.0
2510,13310,14.0
2511,13311,9.0
2512,13312,14.0
2513,13313,14.0
2514,13314,12.0
2515,13315,12.0
2516,13316,13.0
2517,13317,15.0
2518,13318,9.0
2519,13319,7.0
2520,13320,13.0
2521,13321,7.0
2522,13322,10.0
2523,13323,13.0
2524,13324,9.0
2525,13325,7.0
2526,13326,12.0
2527,13327,8.0
2528,13328,9.0
2529,13329,11.0
2530,13330,11.0
2531,13331,11.0
2532,13332,8.0
2533,13333,7.0
2534,13334,11.0
2535,13335,5.0
2536,13336,10.0
2537,13337,4.0
2538,13338,7.0
2539,13339,11.0
2540,13340,14.0
2541,13341,4.0
2542,13342,4.0
2543,13343,10.0
2544,13344,10.0
2545,13345,8.0
2546,13346,6.0
2547,13347,14.0
2548,13348,12.0
2549,13349,15.0
2550,13350,5.0
2551,13351,14.0
2552,13352,10.0
2553,13353,8.0
2554,13354,5.0
2555,13355,10.0
2556,13356,7.0
2557,13357,11.0
2558,13358,9.0
2559,13359,9.0
2560,13360,12.0
2561,13361,9.0
2562,13362,12.0
2563,13363,9.0
2564,13364,11.0
2565,13365,8.0
2566,13366,7.0
2567,13367,11.0
2568,13368,5.0
2569,13369,10.0
2570,13370,7.0
2571,13371,13.0
2572,13372,10.0
2573,13373,12.0
2574,13374,7.0
2575,13375,15.0
2576,13376,7.0
2577,13377,13.0
2578,13378,10.0
2579,13379,15.0
2580,13380,6.0
2581,13381,8.0
2582,13382,9.0
2583,13383,15.0
2584,13384,9.0
2585,13385,7.0
2586,13386,4.0
2587,13387,11.0
2588,13388,8.0
2589,13389,12.0
2590,13390,12.0
2591,13391,6.0
2592,13392,5.0
2593,13393,10.0
2594,13394,7.0
2595,13395,11.0
2596,13396,9.0
2597,13397,10.0
2598,13398,8.0
2599,13399,8.0
2600,13400,8.0
2601,13401,11.0
2602,13402,12.0
2603,13403,10.0
2604,13404,14.0
2605,13405,13.0
2606,13406,13.0
2607,13407,12.0
2608,13408,8.0
2609,13409,12.0
2610,13410,6.0
2611,13411,8.0
2612,13412,10.0
2613,13413,12.0
2614,13414,15.0
2615,13415,15.0
2616,13416,13.0
2617,13417,15.0
2618,13418,15.0
2619,13419,13.0
2620,13420,15.0
2621,13421,15.0
2622,13422,15.0
2623,13423,12.0
2624,13424,15.0
2625,13425,15.0
2626,13426,11.0
2627,13427,14.0
2628,13428,14.0
2629,13429,15.0
2630,13430,15.0
2631,13431,15.0
2632,13432,15.0
2633,13433,15.0
2634,13434,12.0
2635,13435,13.0
2636,13436,15.0
2637,13437,15.0
2638,13438,15.0
2639,13439,15.0
2640,13440,14.0
2641,13441,15.0
2642,13442,15.0
2643,13443,13.0
2644,13444,15.0
2645,13445,15.0
2646,13446,15.0
2647,13447,15.0
2648,13448,15.0
2649,13449,14.0
2650,13450,12.0
2651,13451,9.0
2652,13452,13.0
2653,13453,14.0
2654,13454,12.0
2655,13455,14.0
2656,13456,14.0
2657,13457,13.0
2658,13458,15.0
2659,13459,10.0
2660,13460,7.0
2661,13461,11.0
2662,13462,11.0
2663,13463,11.0
2664,13464,12.0
2665,13465,15.0
2666,13466,15.0
2667,13467,15.0
2668,13468,15.0
2669,13469,10.0
2670,13470,12.0
2671,13471,15.0
2672,13472,12.0
2673,13473,11.0
2674,13474,12.0
2675,13475,15.0
2676,13476,10.0
2677,13477,13.0
2678,13478,12.0
2679,13479,13.0
2680,13480,9.0
2681,13481,8.0
2682,13482,13.0
2683,13483,10.0
2684,13484,10.0
2685,13485,8.0
2686,13486,11.0
2687,13487,7.0
2688,13488,11.0
2689,13489,7.0
2690,13490,9.0
2691,13491,9.0
2692,13492,7.0
2693,13493,9.0
2694,13494,9.0
2695,13495,7.0
2696,13496,6.0
2697,13497,10.0
2698,13498,8.0
2699,13499,15.0
2700,13500,10.0
2701,13501,9.0
2702,13502,11.0
2703,13503,9.0
2704,13504,13.0
2705,13505,8.0
2706,13506,7.0
2707,13507,6.0
2708,13508,12.0
2709,13509,13.0
2710,13510,15.0
2711,13511,12.0
2712,13512,13.0
2713,13513,14.0
2714,13514,10.0
2715,13515,12.0
2716,13516,11.0
2717,13517,3.0
2718,13518,11.0
2719,13519,14.0
2720,13520,8.0
2721,13521,10.0
2722,13522,10.0
2723,13523,7.0
2724,13524,9.0
2725,13525,13.0
2726,13526,14.0
2727,13527,8.0
2728,13528,11.0
2729,13529,10.0
2730,13530,14.0
2731,13531,12.0
2732,13532,7.0
2733,13533,10.0
2734,13534,8.0
2735,13535,12.0
2736,13536,8.0
2737,13537,11.0
2738,13538,7.0
2739,13539,11.0
2740,13540,8.0
2741,13541,9.0
2742,13542,5.0
2743,13543,9.0
2744,13544,10.0
2745,13545,11.0
2746,13546,7.0
2747,13547,14.0
2748,13548,7.0
2749,13549,15.0
2750,13550,8.0
2751,13551,12.0
2752,13552,9.0
2753,13553,9.0
2754,13554,10.0
2755,13555,7.0
2756,13556,11.0
2757,13557,7.0
2758,13558,8.0
2759,13559,11.0
2760,13560,8.0
2761,13561,9.0
2762,13562,10.0
2763,13563,15.0
2764,13564,14.0
2765,13565,9.0
2766,13566,15.0
2767,13567,15.0
2768,13568,14.0
2769,13569,14.0
2770,13570,8.0
2771,13571,12.0
2772,13572,7.0
2773,13573,12.0
2774,13574,11.0
2775,13575,13.0
2776,13576,15.0
2777,13577,12.0
2778,13578,15.0
2779,13579,12.0
2780,13580,11.0
2781,13581,12.0
2782,13582,15.0
2783,13583,15.0
2784,13584,14.0
2785,13585,15.0
2786,13586,15.0
2787,13587,15.0
2788,13588,15.0
2789,13589,13.0
2790,13590,15.0
2791,13591,15.0
2792,13592,13.0
2793,13593,15.0
2794,13594,15.0
2795,13595,15.0
2796,13596,15.0
2797,13597,15.0
2798,13598,12.0
2799,13599,14.0
2800,13600,14.0
2801,13601,15.0
2802,13602,12.0
2803,13603,9.0
2804,13604,14.0
2805,13605,15.0
2806,13606,14.0
2807,13607,15.0
2808,13608,10.0
2809,13609,15.0
2810,13610,15.0
2811,13611,15.0
2812,13612,15.0
2813,13613,12.0
2814,13614,15.0
2815,13615,15.0
2816,13616,15.0
2817,13617,14.0
2818,13618,11.0
2819,13619,14.0
2820,13620,13.0
2821,13621,9.0
2822,13622,12.0
2823,13623,9.0
2824,13624,14.0
2825,13625,15.0
2826,13626,15.0
2827,13627,12.0
2828,13628,14.0
2829,13629,15.0
2830,13630,15.0
2831,13631,15.0
2832,13632,10.0
2833,13633,10.0
2834,13634,13.0
2835,13635,11.0
2836,13636,15.0
2837,13637,13.0
2838,13638,15.0
2839,13639,10.0
2840,13640,15.0
2841,13641,13.0
2842,13642,13.0
2843,13643,12.0
2844,13644,11.0
2845,13645,9.0
2846,13646,15.0
2847,13647,6.0
2848,13648,11.0
2849,13649,7.0
2850,13650,12.0
2851,13651,7.0
2852,13652,6.0
2853,13653,8.0
2854,13654,6.0
2855,13655,11.0
2856,13656,6.0
2857,13657,9.0
2858,13658,9.0
2859,13659,10.0
2860,13660,10.0
2861,13661,11.0
2862,13662,8.0
2863,13663,8.0
2864,13664,13.0
2865,13665,9.0
2866,13666,11.0
2867,13667,8.0
2868,13668,11.0
2869,13669,11.0
2870,13670,12.0
2871,13671,15.0
2872,13672,14.0
2873,13673,15.0
2874,13674,12.0
2875,13675,12.0
2876,13676,5.0
2877,13677,15.0
2878,13678,9.0
2879,13679,9.0
2880,13680,14.0
2881,13681,11.0
2882,13682,9.0
2883,13683,8.0
2884,13684,10.0
2885,13685,9.0
2886,13686,12.0
2887,13687,8.0
2888,13688,10.0
2889,13689,13.0
2890,13690,9.0
2891,13691,6.0
2892,13692,11.0
2893,13693,11.0
2894,13694,9.0
2895,13695,8.0
2896,13696,11.0
2897,13697,12.0
2898,13698,11.0
2899,13699,12.0
2900,13700,13.0
2901,13701,10.0
2902,13702,7.0
2903,13703,10.0
2904,13704,7.0
2905,13705,11.0
2906,13706,7.0
2907,13707,12.0
2908,13708,12.0
2909,13709,6.0
2910,13710,7.0
2911,13711,13.0
2912,13712,10.0
2913,13713,13.0
2914,13714,11.0
2915,13715,10.0
2916,13716,8.0
2917,13717,10.0
2918,13718,6.0
2919,13719,13.0
2920,13720,12.0
2921,13721,10.0
2922,13722,9.0
2923,13723,9.0
2924,13724,11.0
2925,13725,10.0
2926,13726,15.0
2927,13727,15.0
2928,13728,15.0
2929,13729,14.0
2930,13730,14.0
2931,13731,13.0
2932,13732,11.0
2933,13733,8.0
2934,13734,9.0
2935,13735,10.0
2936,13736,12.0
2937,13737,15.0
2938,13738,13.0
2939,13739,15.0
2940,13740,12.0
2941,13741,15.0
2942,13742,12.0
2943,13743,11.0
2944,13744,12.0
2945,13745,15.0
2946,13746,15.0
2947,13747,12.0
2948,13748,15.0
2949,13749,13.0
2950,13750,13.0
2951,13751,11.0
2952,13752,13.0
2953,13753,15.0
2954,13754,15.0
2955,13755,15.0
2956,13756,12.0
2957,13757,11.0
2958,13758,12.0
2959,13759,13.0
2960,13760,15.0
2961,13761,13.0
2962,13762,14.0
2963,13763,15.0
2964,13764,13.0
2965,13765,15.0
2966,13766,15.0
2967,13767,13.0
2968,13768,15.0
2969,13769,15.0
2970,13770,13.0
2971,13771,14.0
2972,13772,15.0
2973,13773,14.0
2974,13774,13.0
2975,13775,15.0
2976,13776,15.0
2977,13777,15.0
2978,13778,15.0
2979,13779,15.0
2980,13780,15.0
2981,13781,15.0
2982,13782,14.0
2983,13783,9.0
2984,13784,7.0
2985,13785,15.0
2986,13786,14.0
2987,13787,14.0
2988,13788,10.0
2989,13789,11.0
2990,13790,12.0
2991,13791,14.0
2992,13792,12.0
2993,13793,12.0
2994,13794,14.0
2995,13795,9.0
2996,13796,15.0
2997,13797,10.0
2998,13798,14.0
2999,13799,14.0
3000,13800,12.0
3001,13801,15.0
3002,13802,14.0
3003,13803,9.0
3004,13804,14.0
3005,13805,11.0
3006,13806,13.0
3007,13807,11.0
3008,13808,11.0
3009,13809,13.0
3010,13810,10.0
3011,13811,13.0
3012,13812,10.0
3013,13813,12.0
3014,13814,9.0
3015,13815,11.0
3016,13816,9.0
3017,13817,8.0
3018,13818,10.0
3019,13819,7.0
3020,13820,9.0
3021,13821,12.0
3022,13822,8.0
3023,13823,8.0
3024,13824,9.0
3025,13825,7.0
3026,13826,12.0
3027,13827,6.0
3028,13828,5.0
3029,13829,9.0
3030,13830,11.0
3031,13831,5.0
3032,13832,11.0
3033,13833,13.0
3034,13834,13.0
3035,13835,14.0
3036,13836,12.0
3037,13837,15.0
3038,13838,8.0
3039,13839,10.0
3040,13840,10.0
3041,13841,11.0
3042,13842,7.0
3043,13843,11.0
3044,13844,8.0
3045,13845,9.0
3046,13846,10.0
3047,13847,10.0
3048,13848,10.0
3049,13849,8.0
3050,13850,13.0
3051,13851,11.0
3052,13852,9.0
3053,13853,14.0
3054,13854,10.0
3055,13855,12.0
3056,13856,9.0
3057,13857,11.0
3058,13858,10.0
3059,13859,12.0
3060,13860,10.0
3061,13861,10.0
3062,13862,6.0
3063,13863,12.0
3064,13864,12.0
3065,13865,8.0
3066,13866,8.0
3067,13867,7.0
3068,13868,9.0
3069,13869,9.0
3070,13870,9.0
3071,13871,9.0
3072,13872,4.0
3073,13873,13.0
3074,13874,12.0
3075,13875,15.0
3076,13876,13.0
3077,13877,13.0
3078,13878,8.0
3079,13879,10.0
3080,13880,8.0
3081,13881,9.0
3082,13882,10.0
3083,13883,6.0
3084,13884,8.0
3085,13885,7.0
3086,13886,7.0
3087,13887,13.0
3088,13888,14.0
3089,13889,11.0
3090,13890,10.0
3091,13891,15.0
3092,13892,15.0
3093,13893,9.0
3094,13894,8.0
3095,13895,12.0
3096,13896,12.0
3097,13897,7.0
3098,13898,9.0
3099,13899,12.0
3100,13900,15.0
3101,13901,13.0
3102,13902,13.0
3103,13903,15.0
3104,13904,14.0
3105,13905,15.0
3106,13906,14.0
3107,13907,13.0
3108,13908,15.0
3109,13909,15.0
3110,13910,11.0
3111,13911,12.0
3112,13912,15.0
3113,13913,15.0
3114,13914,15.0
3115,13915,15.0
3116,13916,13.0
3117,13917,15.0
3118,13918,15.0
3119,13919,15.0
3120,13920,14.0
3121,13921,14.0
3122,13922,15.0
3123,13923,13.0
3124,13924,15.0
3125,13925,15.0
3126,13926,15.0
3127,13927,14.0
3128,13928,15.0
3129,13929,15.0
3130,13930,15.0
3131,13931,14.0
3132,13932,14.0
3133,13933,12.0
3134,13934,10.0
3135,13935,15.0
3136,13936,15.0
3137,13937,15.0
3138,13938,15.0
3139,13939,15.0
3140,13940,15.0
3141,13941,13.0
3142,13942,15.0
3143,13943,10.0
3144,13944,15.0
3145,13945,9.0
3146,13946,11.0
3147,13947,12.0
3148,13948,14.0
3149,13949,13.0
3150,13950,15.0
3151,13951,11.0
3152,13952,14.0
3153,13953,15.0
3154,13954,9.0
3155,13955,14.0
3156,13956,12.0
3157,13957,7.0
3158,13958,15.0
3159,13959,9.0
3160,13960,15.0
3161,13961,12.0
3162,13962,12.0
3163,13963,11.0
3164,13964,12.0
3165,13965,12.0
3166,13966,9.0
3167,13967,8.0
3168,13968,13.0
3169,13969,9.0
3170,13970,8.0
3171,13971,12.0
3172,13972,11.0
3173,13973,9.0
3174,13974,7.0
3175,13975,12.0
3176,13976,8.0
3177,13977,12.0
3178,13978,10.0
3179,13979,11.0
3180,13980,8.0
3181,13981,4.0
3182,13982,7.0
3183,13983,7.0
3184,13984,7.0
3185,13985,8.0
3186,13986,10.0
3187,13987,13.0
3188,13988,7.0
3189,13989,11.0
3190,13990,8.0
3191,13991,11.0
3192,13992,10.0
3193,13993,10.0
3194,13994,11.0
3195,13995,13.0
3196,13996,11.0
3197,13997,15.0
3198,13998,14.0
3199,13999,15.0
3200,14000,9.0
3201,14001,10.0
3202,14002,9.0
3203,14003,11.0
3204,14004,8.0
3205,14005,11.0
3206,14006,9.0
3207,14007,9.0
3208,14008,12.0
3209,14009,10.0
3210,14010,15.0
3211,14011,2.0
3212,14012,10.0
3213,14013,9.0
3214,14014,8.0
3215,14015,10.0
3216,14016,9.0
3217,14017,11.0
3218,14018,7.0
3219,14019,15.0
3220,14020,9.0
3221,14021,10.0
3222,14022,9.0
3223,14023,10.0
3224,14024,6.0
3225,14025,10.0
3226,14026,7.0
3227,14027,9.0
3228,14028,13.0
3229,14029,8.0
3230,14030,9.0
3231,14031,9.0
3232,14032,11.0
3233,14033,11.0
3234,14034,10.0
3235,14035,10.0
3236,14036,7.0
3237,14037,11.0
3238,14038,11.0
3239,14039,13.0
3240,14040,9.0
3241,14041,8.0
3242,14042,11.0
3243,14043,11.0
3244,14044,8.0
3245,14045,14.0
3246,14046,11.0
3247,14047,9.0
3248,14048,11.0
3249,14049,10.0
3250,14050,14.0
3251,14051,15.0
3252,14052,9.0
3253,14053,15.0
3254,14054,14.0
3255,14055,10.0
3256,14056,8.0
3257,14057,12.0
3258,14058,9.0
3259,14059,9.0
3260,14060,13.0
3261,14061,15.0
3262,14062,15.0
3263,14063,15.0
3264,14064,12.0
3265,14065,15.0
3266,14066,13.0
3267,14067,13.0
3268,14068,13.0
3269,14069,15.0
3270,14070,13.0
3271,14071,14.0
3272,14072,13.0
3273,14073,15.0
3274,14074,13.0
3275,14075,15.0
3276,14076,15.0
3277,14077,12.0
3278,14078,15.0
3279,14079,14.0
3280,14080,13.0
3281,14081,14.0
3282,14082,15.0
3283,14083,15.0
3284,14084,15.0
3285,14085,14.0
3286,14086,14.0
3287,14087,14.0
3288,14088,15.0
3289,14089,15.0
3290,14090,15.0
3291,14091,11.0
3292,14092,12.0
3293,14093,15.0
3294,14094,14.0
3295,14095,13.0
3296,14096,12.0
3297,14097,12.0
3298,14098,12.0
3299,14099,15.0
3300,14100,13.0
3301,14101,15.0
3302,14102,15.0
3303,14103,14.0
3304,14104,14.0
3305,14105,14.0
3306,14106,9.0
3307,14107,8.0
3308,14108,12.0
3309,14109,9.0
3310,14110,12.0
3311,14111,15.0
3312,14112,15.0
3313,14113,11.0
3314,14114,15.0
3315,14115,15.0
3316,14116,15.0
3317,14117,15.0
3318,14118,11.0
3319,14119,12.0
3320,14120,11.0
3321,14121,12.0
3322,14122,14.0
3323,14123,13.0
3324,14124,12.0
3325,14125,14.0
3326,14126,14.0
3327,14127,14.0
3328,14128,14.0
3329,14129,10.0
3330,14130,8.0
3331,14131,10.0
3332,14132,11.0
3333,14133,14.0
3334,14134,15.0
3335,14135,9.0
3336,14136,8.0
3337,14137,11.0
3338,14138,6.0
3339,14139,6.0
3340,14140,10.0
3341,14141,13.0
3342,14142,9.0
3343,14143,8.0
3344,14144,10.0
3345,14145,11.0
3346,14146,9.0
3347,14147,11.0
3348,14148,9.0
3349,14149,5.0
3350,14150,9.0
3351,14151,11.0
3352,14152,11.0
3353,14153,8.0
3354,14154,8.0
3355,14155,11.0
3356,14156,9.0
3357,14157,13.0
3358,14158,15.0
3359,14159,11.0
3360,14160,7.0
3361,14161,15.0
3362,14162,12.0
3363,14163,10.0
3364,14164,14.0
3365,14165,8.0
3366,14166,12.0
3367,14167,15.0
3368,14168,8.0
3369,14169,13.0
3370,14170,11.0
3371,14171,10.0
3372,14172,11.0
3373,14173,8.0
3374,14174,15.0
3375,14175,6.0
3376,14176,9.0
3377,14177,13.0
3378,14178,10.0
3379,14179,12.0
3380,14180,7.0
3381,14181,9.0
3382,14182,7.0
3383,14183,9.0
3384,14184,12.0
3385,14185,11.0
3386,14186,8.0
3387,14187,9.0
3388,14188,8.0
3389,14189,10.0
3390,14190,9.0
3391,14191,10.0
3392,14192,9.0
3393,14193,10.0
3394,14194,14.0
3395,14195,10.0
3396,14196,8.0
3397,14197,13.0
3398,14198,11.0
3399,14199,13.0
3400,14200,9.0
3401,14201,8.0
3402,14202,7.0
3403,14203,12.0
3404,14204,9.0
3405,14205,11.0
3406,14206,12.0
3407,14207,5.0
3408,14208,13.0
3409,14209,10.0
3410,14210,6.0
3411,14211,5.0
3412,14212,13.0
3413,14213,12.0
3414,14214,11.0
3415,14215,15.0
3416,14216,15.0
3417,14217,6.0
3418,14218,10.0
3419,14219,12.0
3420,14220,9.0
3421,14221,9.0
3422,14222,13.0
3423,14223,11.0
3424,14224,14.0
3425,14225,15.0
3426,14226,13.0
3427,14227,15.0
3428,14228,15.0
3429,14229,15.0
3430,14230,15.0
3431,14231,13.0
3432,14232,15.0
3433,14233,12.0
3434,14234,14.0
3435,14235,15.0
3436,14236,15.0
3437,14237,15.0
3438,14238,14.0
3439,14239,15.0
3440,14240,15.0
3441,14241,15.0
3442,14242,15.0
3443,14243,13.0
3444,14244,12.0
3445,14245,15.0
3446,14246,15.0
3447,14247,15.0
3448,14248,14.0
3449,14249,13.0
3450,14250,15.0
3451,14251,15.0
3452,14252,12.0
3453,14253,12.0
3454,14254,14.0
3455,14255,15.0
3456,14256,12.0
3457,14257,13.0
3458,14258,15.0
3459,14259,15.0
3460,14260,15.0
3461,14261,15.0
3462,14262,15.0
3463,14263,12.0
3464,14264,15.0
3465,14265,12.0
3466,14266,15.0
3467,14267,15.0
3468,14268,15.0
3469,14269,3.0
3470,14270,5.0
3471,14271,11.0
3472,14272,15.0
3473,14273,15.0
3474,14274,15.0
3475,14275,15.0
3476,14276,14.0
3477,14277,13.0
3478,14278,14.0
3479,14279,15.0
3480,14280,8.0
3481,14281,12.0
3482,14282,15.0
3483,14283,13.0
3484,14284,15.0
3485,14285,15.0
3486,14286,12.0
3487,14287,7.0
3488,14288,15.0
3489,14289,8.0
3490,14290,7.0
3491,14291,12.0
3492,14292,6.0
3493,14293,13.0
3494,14294,9.0
3495,14295,13.0
3496,14296,6.0
3497,14297,10.0
3498,14298,5.0
3499,14299,10.0
3500,14300,12.0
3501,14301,8.0
3502,14302,8.0
3503,14303,10.0
3504,14304,13.0
3505,14305,11.0
3506,14306,11.0
3507,14307,11.0
3508,14308,10.0
3509,14309,10.0
3510,14310,9.0
3511,14311,12.0
3512,14312,4.0
3513,14313,14.0
3514,14314,11.0
3515,14315,11.0
3516,14316,10.0
3517,14317,8.0
3518,14318,14.0
3519,14319,15.0
3520,14320,15.0
3521,14321,14.0
3522,14322,9.0
3523,14323,15.0
3524,14324,10.0
3525,14325,7.0
3526,14326,9.0
3527,14327,9.0
3528,14328,10.0
3529,14329,9.0
3530,14330,6.0
3531,14331,11.0
3532,14332,11.0
3533,14333,12.0
3534,14334,12.0
3535,14335,8.0
3536,14336,11.0
3537,14337,9.0
3538,14338,13.0
3539,14339,6.0
3540,14340,6.0
3541,14341,12.0
3542,14342,10.0
3543,14343,12.0
3544,14344,14.0
3545,14345,10.0
3546,14346,10.0
3547,14347,11.0
3548,14348,9.0
3549,14349,10.0
3550,14350,11.0
3551,14351,8.0
3552,14352,14.0
3553,14353,8.0
3554,14354,10.0
3555,14355,15.0
3556,14356,12.0
3557,14357,14.0
3558,14358,11.0
3559,14359,13.0
3560,14360,12.0
3561,14361,14.0
3562,14362,9.0
3563,14363,8.0
3564,14364,7.0
3565,14365,15.0
3566,14366,8.0
3567,14367,9.0
3568,14368,7.0
3569,14369,8.0
3570,14370,7.0
3571,14371,11.0
3572,14372,10.0
3573,14373,6.0
3574,14374,14.0
3575,14375,15.0
3576,14376,11.0
3577,14377,13.0
3578,14378,9.0
3579,14379,8.0
3580,14380,10.0
3581,14381,12.0
3582,14382,11.0
3583,14383,4.0
3584,14384,14.0
3585,14385,11.0
3586,14386,14.0
3587,14387,13.0
3588,14388,12.0
3589,14389,10.0
3590,14390,10.0
3591,14391,15.0
3592,14392,14.0
3593,14393,13.0
3594,14394,15.0
3595,14395,15.0
3596,14396,15.0
3597,14397,15.0
3598,14398,15.0
3599,14399,7.0
